Document ID,Department
8196431,Customer service
8278123,Digital Marketing
8331625,Sales
8331003,Back office ticketing
8277939,Digital Marketing
8277943,Digital Marketing
8278297,Digital Marketing
8325371,Ticketing
7770319,Ticketing
7172353,Ticketing
7754317,Finance
8278229,Digital Marketing
8159257,Sales
8220411,Digital Marketing
8277947,Digital Marketing
8278305,Digital Marketing
7761203,Ticketing
8278261,Digital Marketing
8322449,Digital Marketing
8305287,Customer service
8207751,Digital Marketing
8307069,Ticketing
8330771,Ticketing
8278247,Digital Marketing
8159247,Sales
6523883,Sales
8136877,Digital Marketing
8330787,Ticketing
8324725,Marketing
8321107,Ticketing
8278217,Digital Marketing
8331687,Customer service
8321225,Customer service
8220421,Digital Marketing
7760163,Ticketing
8010981,Ticketing
8325395,Ticketing
8278367,Back office ticketing
8328297,Back office ticketing
7093373,Digital Marketing
8305411,Ticketing
8074101,Finance
8321189,Customer service
8278193,Digital Marketing
8220423,Digital Marketing
8305283,Ticketing
8278991,Sales
8297475,Ticketing
8303467,Finance
8278311,Ticketing
8280309,Operations
8278073,Marketing
8280045,Customer service
8280113,Engineering Design Construction
8297039,Ticketing
8321073,Customer service
8297027,Ticketing
8298063,Customer service
8278889,Presales 
8143525,Marketing
6726409,Ticketing
8297061,Ticketing
8227375,Marketing
8280187,Marketing
8198703,Customer service
8297065,Ticketing
8297071,Operations
8296967,Ticketing
8278321,Ticketing
8286119,Sales
7655893,Sales
8247867,Ticketing
8304171,Ticketing
8297705,Ticketing
8280345,Administration
8236051,Ticketing
8249679,Ticketing
8219883,Ticketing
6600981,Ticketing
6686185,Customer service
8189651,Ticketing
8277735,Ticketing
8249759,Ticketing
5922081,Customer service
8277905,Ticketing
8257455,Ticketing
8285637,Sales
8263611,Content
8249835,Ticketing
8194299,Sales
8181169,Sales
8249805,Ticketing
7636811,Sales
8281243,Ticketing
8305327,Ticketing
8199099,Digital Marketing
7315159,Sales
8272139,Finance
8277959,Back office ticketing
8249993,Sales
8243919,Sales
8137011,Digital Marketing
8220409,Digital Marketing
8250123,Ticketing
8257845,Marketing
8245653,Ticketing
8267171,Sales
8220523,Ticketing
8207731,Digital Marketing
8272045,Logistics
8249497,Marketing
8105131,Ticketing
8258339,Ticketing
8242739,Sales
8265085,Ticketing
8137001,Digital Marketing
8189763,Digital Marketing
8189701,Digital Marketing
8249609,Sales
8272085,Ticketing
8242715,Finance
8249563,Marketing
8272055,Sales
8219711,Ticketing
8242799,Ticketing
8249359,Operations
8180829,Digital Marketing
8220397,Digital Marketing
8199123,Digital Marketing
8235183,Ticketing
8257741,Ticketing
8226781,Ticketing
8226999,Sales
8127795,Marketing
7128611,Marketing
8250017,Ticketing
8241719,Presales 
8320981,Ticketing
8215257,Ticketing
8220403,Digital Marketing
8235203,Sales
8235111,Customer service
8220399,Digital Marketing
8202719,Ticketing
8218871,Operations
8220401,Digital Marketing
8194389,Ticketing
8029293,Back office ticketing
8208767,Marine Engineering 
8208769,Marine Engineering 
8116067,Digital Marketing
7590259,Customer service
8235755,Customer service
8220407,Digital Marketing
8220405,Digital Marketing
8257849,Ticketing
8219751,Finance
8278237,Digital Marketing
8101777,Digital Marketing
8218701,Sales
8197351,Sales
8227243,Sales
8207727,Digital Marketing
8207723,Digital Marketing
8180575,Sales
8305771,Ticketing
8258085,Ticketing
8199053,Digital Marketing
8213541,Ticketing
8199393,Digital Marketing
8277961,Digital Marketing
8208497,Ticketing
8197385,Sales
8227009,Ticketing
8199215,Digital Marketing
8227235,Sales
8283481,Ticketing
8197393,Sales
8199403,Digital Marketing
8199209,Digital Marketing
8207767,Digital Marketing
8207737,Digital Marketing
8126401,Sales
8158445,Back office ticketing
8199075,Customer service
8158423,Administration
8143325,Operations
7549739,Maintenance
7940951,IT
8144059,Operations
8180839,Digital Marketing
8150737,Sales
8180927,Digital Marketing
8180915,Digital Marketing
8143599,Operations
8173957,Sales
7135099,IT
8207277,Marketing
8143895,Operations
8189745,Digital Marketing
8144203,Customer service
8172981,Ticketing
8141749,Ticketing
8188839,Ticketing
8180909,Digital Marketing
7549735,Maintenance
8158657,Digital Marketing
8143365,Operations
8180859,Digital Marketing
8206879,Customer service
8173539,Ticketing
8180869,Digital Marketing
8196417,IT
8189653,Ticketing
8044559,IT
7823357,Marketing
8158667,Digital Marketing
8115383,Customer service
8143481,Operations
8171187,Digital Marketing
8144151,Presales 
8257331,Ticketing
8218979,Ticketing
8180813,Digital Marketing
7654483,Sales
8104553,Sales
8162205,Sales
8100293,Ticketing
8136943,Digital Marketing
8136941,Digital Marketing
8136957,Digital Marketing
8139781,Sales
8158543,Sales
8136871,Digital Marketing
8136949,Digital Marketing
8136933,Digital Marketing
8180831,Technology
8126409,Ticketing
8136965,Digital Marketing
8162055,Sales
8111125,Ticketing
8135481,Ticketing
7494229,Ticketing
8156095,Marketing
8136937,Digital Marketing
8160461,Customer service
7924931,Sales
8115703,Digital Marketing
8115675,Digital Marketing
8079879,Ticketing
8115605,Digital Marketing
8115667,Digital Marketing
8137943,Ticketing
8199565,Ticketing
8115719,Digital Marketing
8103111,Digital Marketing
7856959,IT
8079863,Back office ticketing
8173229,Sales
8135423,Ticketing
8097419,Digital Marketing
7856937,IT
8136085,Ticketing
8058909,Ticketing
8102531,Digital Marketing
8173147,Ticketing
8115695,Digital Marketing
8103475,Digital Marketing
8136071,Ticketing
8115997,Digital Marketing
8115595,Digital Marketing
8097449,Digital Marketing
8097437,Digital Marketing
8097403,Digital Marketing
8087159,Digital Marketing
8190149,Sales
8115387,Sales
8097435,Digital Marketing
8115625,Digital Marketing
8089697,Ticketing
8143945,Ticketing
8115631,Digital Marketing
8115655,Digital Marketing
8116913,Administration
8116033,Digital Marketing
8061197,Logistics
8115651,IT
8067133,Digital Marketing
8061193,Recruitment
8089663,Ticketing
8145509,Sales
6978079,Ticketing
8097445,Digital Marketing
8061249,Finance
8066330,Sales
7424353,Sales
8126421,Marketing
8072899,Digital Marketing
8072907,Digital Marketing
8126295,Ticketing
8072895,Digital Marketing
8072839,Digital Marketing
8072903,Digital Marketing
8126573,Finance
8072897,Digital Marketing
8135091,Sales
8144427,Ticketing
7424001,Ticketing
8136645,Data entry
8116769,Finance
8091645,Sales
8109847,Sales
8072919,Digital Marketing
8200011,Sales
8061691,Digital Marketing
8067151,Digital Marketing
8061697,Digital Marketing
8061195,Sales
8061711,Digital Marketing
8059407,Digital Marketing
8048401,Sales
8061185,Sales
8053159,Digital Marketing
8097911,Maintenance
8090481,Ticketing
8059425,Digital Marketing
8059447,Digital Marketing
8059461,Digital Marketing
8097901,Engineering Design Construction
8102915,Customer service
8080589,Customer service
8097909,Maintenance
7966739,Digital Marketing
8061349,Sales
7135571,Marketing
8097903,Engineering Design Construction
8053027,Customer service
8105121,Presales 
8097905,Maintenance
8080285,Sales
8059373,Digital Marketing
7710189,Ticketing
8045777,Customer service
8105135,Ticketing
8126597,Ticketing
7045929,Digital Marketing
8019999,Sales
8089679,Ticketing
7967991,Ticketing
7667349,Digital Marketing
8019561,Marine Deck 
8087903,Sales
8243533,Customer service
8071847,Finance
8004853,Customer service
7939881,Recruitment
8066769,Ticketing
8011339,Digital Marketing
8208777,Marine Engineering 
7072743,Public Relations 
7291285,Public Relations 
7973245,Public Relations 
8208771,Marine Service Steward 
8046123,Ticketing
8026763,Ticketing
8074621,Ticketing
7000953,Administration
8047939,Finance
8035377,Finance
8056905,Sales
8061611,Administration
8144269,Ticketing
8046113,Ticketing
8045219,Technology
7839395,Digital Marketing
7967957,Ticketing
7540071,Sales
7709455,Digital Marketing
8011341,Sales
8046105,Customer service
8019553,Marine Deck 
8099527,Marketing
7674559,Digital Marketing
8002901,Ticketing
7954881,Sales
7937331,Ticketing
8059639,Ticketing
7987961,Customer service
7977823,Ticketing
6975593,Ticketing
7937993,Flight Operations
7952155,Customer service
7903545,Ticketing
7926157,Maintenance
8020065,Sales
7812177,Sales
7988039,Ticketing
8059581,Back office ticketing
7940427,Finance
8041245,Ticketing
7940247,Customer service
7875183,Customer service
7891497,Ticketing
7926169,Maintenance
7926229,Maintenance
8087663,Administration
7994473,Sales
8044547,Ticketing
8053351,Ticketing
7987491,Procurement
8020083,Sales
7966269,Administration
7937409,Ticketing
8011347,Sales
8228113,Sales
7994201,Sales
7960087,Operations
7987779,IT
8046145,Presales 
8003609,Sales
7903529,Ticketing
7959893,Sales
7925167,IT
7848795,Ticketing
7959905,Ticketing
7960939,Ticketing
7938859,Ticketing
7160943,Marketing
7889799,Operations
7858267,Ticketing
8087955,Analytics
7832539,Sales
7980139,Sales
7831591,Sales
7939939,Public Relations 
7968259,Sales
8180845,Digital Marketing
7992097,Finance
7903385,Ticketing
7831913,Ticketing
7848525,Ticketing
8196643,Sales
7967169,Data entry
7960339,Sales
7804201,Ticketing
7010467,Ticketing
7846689,Ticketing
7886593,Finance
8059703,Ticketing
7533733,Back office ticketing
7881493,Operations
7888001,Finance
8011117,Ticketing
7903513,Marketing
7424203,Ticketing
7840013,Ticketing
7941657,Sales
7856804,Customer service
7932293,Ticketing
8158635,Digital Marketing
7934797,Ticketing
7908151,Sales
7792815,Ticketing
7908039,Presales 
8158637,Digital Marketing
7889431,Customer service
7912733,Customer service
7889695,Sales
8135675,Ticketing
7825941,Ticketing
8158629,Digital Marketing
8126413,Sales
7823447,Customer service
8159395,Sales
7858583,Ticketing
7906439,Finance
7904555,Customer service
7889693,Sales
7719991,Sales
7889317,Customer service
7823481,Ticketing
7864787,Administration
7804365,Sales
8108853,Customer service
8136869,Digital Marketing
7850819,Sales
7797687,Technology
8264142,Ticketing
7840267,Marketing
8274814,Ticketing
8135071,Ticketing
7951835,Analytics
7839027,Ticketing
7803891,Technology
8116051,Digital Marketing
7641863,Sales
7962627,Ticketing
7802879,Administration
7803875,Sales
7966159,Airline Ground Operations
7987903,Marketing
7813051,Ticketing
7895123,Back office ticketing
8274570,Ticketing
7842989,Sales
7889689,Sales
7908979,Ticketing
7908559,Marketing
7903427,Ticketing
8126711,Ticketing
7906245,Ticketing
7825327,Ticketing
7494221,Ticketing
7825991,Ticketing
8136991,Digital Marketing
7873577,Sales
8262146,Maintenance
8131590,Administration
7802891,Administration
8171912,Ticketing
7812437,Sales
7238217,Ticketing
7979955,Back office ticketing
8170788,Sales
7881065,Sales
8131576,Finance
7842801,Ticketing
8118306,Ticketing
8231256,Marine Service Steward 
7802425,Ticketing
8203232,Sales
7465053,Sales
8210186,QA 
8260186,Ticketing
7825919,Ticketing
8140750,Ticketing
7802291,Ticketing
8226067,Ticketing
8061789,Engineering Design Construction
8170792,Sales
7804499,Sales
8228604,Customer service
8072849,Digital Marketing
8203252,Administration
8011345,Recruitment
8170790,Sales
8121801,Sales
7797381,Ticketing
7804665,Finance
7754159,Ticketing
7866783,Operations
8255032,Operations
8072835,Digital Marketing
7804677,Ticketing
8097433,Digital Marketing
8131558,Ticketing
7961049,Logistics
8097078,Ticketing
8097427,Digital Marketing
8131574,Finance
7941367,Marketing
8046115,Ticketing
8174536,Airline Ground Operations
7827945,Operations
8053101,Digital Marketing
8046117,Ticketing
8203166,Administration
8228600,Sales
8129734,Airline Ground Operations
7881105,Ticketing
8192248,Ticketing
7796107,Learning and Development 
7804685,Ticketing
7874923,Ticketing
8172888,Ticketing
8260190,Ticketing
8172964,Ticketing
8228602,Marketing
8125246,Administration
7934179,Ticketing
8068696,Sales
8014090,Back office ticketing
7918040,Ticketing
8024868,Maintenance
8014096,Sales
7971830,Administration
8022470,Ticketing
8014070,Finance
7878736,Sales
8049800,Customer service
8002493,Marketing
8063998,Marketing
7931456,Sales
8022482,Analytics
8014066,Customer service
8014112,Administration
7963856,Finance
8024012,Digital Marketing
7913474,Ticketing
8077282,Ticketing
8024010,Ticketing
7922962,Ticketing
8054890,Operations
8014098,Sales
8157857,Sales
7999524,Operations
8068694,Management Consulting
8014086,Sales
7918164,Sales
7881041,Ticketing
8014092,Marketing
7934066,Ticketing
8049678,Sales
8064014,Marketing
8014110,Sales
7981348,Administration
7802687,Marketing
8014108,Administration
7981330,Administration
8077280,Customer service
8068690,Ticketing
8014068,Digital Marketing
8077276,Ticketing
8054888,Sales
8014100,Sales
8014976,Ticketing
7999514,Ticketing
7860748,Finance
8115559,Ticketing
7870556,Flight Operations
8032628,Sales
8014106,Marketing
7963850,Administration
8014078,IT
7913470,Finance
8068692,Ticketing
8014080,Sales
7931446,Sales
8068684,Ticketing
8014084,Sales
7918034,Ticketing
8022474,Sales
8014076,Sales
7913472,Ticketing
8024008,Sales
7813401,Marketing
8014104,Sales
7991308,Ticketing
8024006,Sales
8068686,Ticketing
8014072,Sales
7922868,Ticketing
7813185,Marketing
7913466,Ticketing
8024020,Content
7917996,Ticketing
8014114,Sales
8002481,Marketing
8024016,Ticketing
8033058,Ticketing
8022500,Customer service
8014074,Sales
7913480,Sales
8024014,Digital Marketing
8014978,Marketing
8000100,Ticketing
8014094,Sales
8050426,Ticketing
8014102,Digital Marketing
7956766,IT
8022514,Sales
8014082,Sales
7922986,Ticketing
7813477,Sales
8009898,Maintenance
8022476,Sales
8014064,Back office ticketing
8014980,Finance
7999510,Operations
7794524,Ticketing
7860736,Operations
8251832,Ticketing
7860744,Customer service
8289532,Management Consulting
8233904,Ticketing
8077278,Sales
8289530,Ticketing
8228484,Ticketing
8278293,Customer service
8293588,Ticketing
7830888,Sales
8268968,Operations
7882462,Sales
8262358,Ticketing
7853356,Ticketing
8296144,IT
8296140,Digital Marketing
7830884,Management Consulting
8260210,Customer service
7982912,Marketing
8293594,Sales
7923488,Sales
7873551,Marketing
8024018,Sales
7983430,Ticketing
7830874,Ticketing
8328530,Sales
8271068,Ticketing
7899500,Ticketing
8289006,Ticketing
7798230,Sales
7830886,Ticketing
7860780,Sales
8271078,Digital Marketing
8328536,Sales
8276610,Ticketing
8296142,IT
8172978,Sales
8296124,Digital Marketing
8234718,Administration
7807971,Ticketing
8296138,IT
8028999,Public Relations 
8274512,Ticketing
8296128,Customer service
8296130,Sales
7913478,Ticketing
7999516,Ticketing
8328538,Sales
8276614,Ticketing
8271082,Content
8312805,Recruitment
7899490,Ticketing
8289528,Operations
8296120,Sales
7794234,Sales
8270780,Ticketing
7899494,Ticketing
8043630,Maintenance
8312813,Marketing
8312819,Ticketing
8317890,Sales
7860738,Operations
7887983,Ticketing
8296136,Sales
8248920,Ticketing
8328528,Sales
7899488,Ticketing
8289008,Ticketing
8222378,Ticketing
7852728,Finance
8283534,Finance
7830882,Customer service
8251880,Ticketing
8328534,Sales
8274514,Ticketing
8210074,Sales
7830878,Ticketing
8262784,Ticketing
8019271,Ticketing
7873487,Sales
8223960,Ticketing
7889935,Ticketing
7860770,Sales
8296118,Customer service
8234150,Ticketing
7951939,Ticketing
8267205,Back office ticketing
8153828,Sales
8177688,Ticketing
8305745,Sales
8165624,IT
8250737,Marketing
8260212,Sales
8100332,Ticketing
8186002,Ticketing
8257083,Finance
8177690,Customer service
8165442,Ticketing
8142806,Management Consulting
7860764,Sales
8141100,Sales
8165628,Sales
8165186,Ticketing
8153848,Sales
8164592,Sales
8153832,Sales
8256845,Sales
8147386,Operations
8003317,Sales
8212408,Sales
8153842,Sales
8175024,Ticketing
8250679,Customer service
8095878,Sales
8163960,Ticketing
8212410,Sales
8327728,Sales
8282388,Ticketing
8175112,Finance
8227057,Ticketing
8192488,Ticketing
8212406,Sales
8153844,Sales
8190111,Operations
8253293,Ticketing
8272183,Customer service
8153826,Sales
8312809,Ticketing
8165634,Recruitment
8153830,Sales
8269683,Ticketing
8260214,Sales
8227097,Ticketing
8177692,Customer service
8165266,Ticketing
8305743,Sales
8165614,Sales
8164888,Ticketing
8186004,Ticketing
8165182,Ticketing
8070108,Ticketing
8084920,Ticketing
7983762,Engineering Design Construction
8054728,Airline Ground Operations
7983764,Maintenance
8031354,Administration
8064718,Ticketing
8161831,Customer service
7534839,Sales
7989442,Sales
8077474,Sales
8003765,Presales 
8077444,Sales
7719949,Technology
8157937,Customer service
8000758,Ticketing
8077438,Customer service
7527075,Sales
7985472,Ticketing
8032364,Ticketing
8136005,Sales
8085348,Ticketing
8158023,Sales
8061739,Customer service
8061943,IT
8041960,Ticketing
7521649,Sales
8153928,Sales
8021136,Sales
8234653,Sales
8153926,Digital Marketing
8086280,Ticketing
7858847,Ticketing
8057232,Ticketing
8008048,Sales
8084926,Sales
8041946,Ticketing
8077442,Analytics
8057230,Sales
7521301,Administration
8077452,Ticketing
8153930,Sales
7999984,Ticketing
7964624,Management Consulting
7983718,Administration
7871964,Ticketing
8168143,Sales
8169436,Sales
7930692,Sales
7983728,Management Consulting
7871976,Ticketing
7983724,Administration
7928806,Ticketing
8008828,Sales
7963494,Ticketing
8168713,Sales
7983742,Maintenance
7963476,Sales
8258129,Sales
7930642,Customer service
8258159,Sales
7930630,Customer service
7983732,Maintenance
7930606,Sales
7983744,Maintenance
8008834,Content
7963488,Administration
7983754,Maintenance
7983566,Sales
7871926,Ticketing
7930568,Sales
8008826,Digital Marketing
7983734,Maintenance
8258121,Sales
7963478,Ticketing
7985444,Ticketing
7983746,Maintenance
7930626,Marketing
7995237,Sales
7963484,Ticketing
7831498,Sales
8008832,Digital Marketing
7964554,Sales
7807328,Sales
7994333,Sales
7948408,Ticketing
8008822,Sales
7963480,Ticketing
8008824,Content
7963482,Administration
7983720,Maintenance
7871984,Ticketing
7983570,Sales
7989440,Sales
7983758,Maintenance
8013253,Ticketing
7871942,Engineering Design Construction
8160737,Sales
7983752,Maintenance
7963486,Administration
8234205,Sales
8026365,Customer service
8168035,Sales
7994939,Sales
7983748,Maintenance
7963490,Analytics
8158539,Customer service
7930636,Operations
7983726,Sales
7871986,Ticketing
8020035,Back office ticketing
8177155,Sales
7831530,Sales
8164249,Sales
8033292,Ticketing
7967521,Customer service
7983740,Maintenance
7963496,Sales
8169424,Ticketing
7930622,Sales
7983760,Maintenance
7894969,Ticketing
8008830,Operations
7963492,Administration
8011297,Sales
7983750,QA 
7963474,Ticketing
8026799,Ticketing
7861674,Ticketing
8168319,Sales
7846646,Customer service
8169434,Sales
7930648,Finance
8028251,Ticketing
7856577,Ticketing
7985446,Ticketing
7795949,Ticketing
7801847,Sales
7857135,Finance
7863392,Sales
8161883,Sales
7895011,Content
7911731,Ticketing
7863394,Sales
8177694,Customer service
7999992,Ticketing
8284583,Sales
7795967,Finance
8136539,Sales
8165839,Sales
8341825,Operations
8352159,Back office ticketing
7911323,Ticketing
7967905,Ticketing
8355315,Sales
8156859,Ticketing
8356545,Technology
8362045,Sales
8354673,Customer service
7960697,Ticketing
8361743,Operations
7121587,Sales
8351826,Marketing
8351273,Ticketing
8344610,Ticketing
8337853,Ticketing
8343656,Customer service
7913013,Ticketing
8343846,Sales
7776307,Ticketing
8337925,IT
8351830,Customer service
7960945,Finance
8343474,Administration
8352750,Maintenance
8343628,Sales
8351253,Sales
8345564,Sales
8343844,Sales
8340713,Ticketing
8336106,Sales
8355045,Presales 
8337711,Ticketing
8343638,Sales
8354797,Ticketing
7960977,Sales
8343644,Digital Marketing
8341049,Technology
8340709,Ticketing
8343612,Sales
8350933,Customer service
6978067,Sales
8018461,Ticketing
7910945,Ticketing
7960053,Sales
8343836,Sales
7909207,Ticketing
8340943,Ticketing
8343634,Sales
7911981,Back office ticketing
8351832,Finance
8343654,Sales
8340981,Ticketing
8343620,Sales
7872937,Ticketing
8343842,Sales
8158631,Digital Marketing
7622571,Ticketing
8340845,Ticketing
8341835,Technology
8343840,Sales
8343672,Sales
7961017,Finance
8343650,Digital Marketing
7757525,Ticketing
8338217,Finance
8344614,Ticketing
8342017,Finance
8349041,Back office ticketing
8340875,Operations
8354773,Sales
8340865,Ticketing
8337941,IT
8157721,Operations
8197037,Ticketing
8385595,Operations
8388911,Operations
8385551,Administration
8389011,Ticketing
8394454,Maintenance
8378605,Customer service
8379267,Administration
8385953,Ticketing
8385851,Technology
7986625,Ticketing
8370423,Operations
8388977,Operations
8385821,Marketing
8403771,Operations
8402419,Finance
8377265,Sales
8402741,Ticketing
8376819,Finance
8364691,Ticketing
8385805,Technology
8375655,Digital Marketing
8393754,Sales
8370926,Digital Marketing
8375147,Sales
8378609,Sales
8375169,Sales
8370958,Marketing
8393750,Sales
7977827,Sales
8388323,Marketing
8393746,Ticketing
8370930,Analytics
8402367,Digital Marketing
8370966,Customer service
8391348,Ticketing
8370968,Sales
8367639,Ticketing
8393748,Ticketing
8375313,Sales
8370964,Management Consulting
8403769,Operations
8375381,Sales
8370942,Management Consulting
8384363,Sales
8393742,Digital Marketing
8370932,Management Consulting
8394450,Sales
8386169,IT
8370936,Safety 
8002555,Sales
8158643,Digital Marketing
8388763,Ticketing
8158645,Digital Marketing
8375291,Sales
8375237,Sales
8402293,Ticketing
7140501,Digital Marketing
8390135,Ticketing
8370944,Operations
8370920,Analytics
8367885,Ticketing
8370960,Management Consulting
8375215,Sales
8394452,Administration
8370948,Analytics
8375363,Sales
8370571,Presales 
8370970,Marketing
8158639,Digital Marketing
8402309,Ticketing
8381302,Administration
8278577,Ticketing
8370928,Digital Marketing
8011385,Sales
8402365,Digital Marketing
8370870,Finance
8366386,Maintenance
8370906,Marketing
8388305,Ticketing
8389341,Ticketing
8375133,Sales
8370874,Digital Marketing
8370890,Digital Marketing
8366374,Administration
8366384,Finance
8370892,Marketing
8370876,Digital Marketing
8388295,Ticketing
8370900,Engineering Design Construction
8388325,Recruitment
8366370,Administration
8389327,Ticketing
8370902,Management Consulting
8370886,Marketing
8388751,Ticketing
8370866,Finance
8370880,Marketing
8366376,Administration
8370912,Marketing
8370858,Analytics
8370868,IT
8370860,Operations
8370864,Operations
8370882,Digital Marketing
7976191,Presales 
8370910,Operations
8010737,Ticketing
8370872,Management Consulting
8370908,Marketing
8370898,Marketing
8011059,Ticketing
8366382,Administration
8370153,Sales
8388313,Ticketing
8389315,Sales
8389347,Ticketing